<?xml version="1.0" encoding="UTF-8"?>
<project-private xmlns="http://www.netbeans.org/ns/project-private/1">
    <editor-bookmarks xmlns="http://www.netbeans.org/ns/editor-bookmarks/2" lastBookmarkId="0"/>
    <open-files xmlns="http://www.netbeans.org/ns/projectui-open-files/2">
        <group>
            <file>file:/C:/ECEP/classwork/PROJECT/CAR_BLACK_BOX.X/uart.c</file>
            <file>file:/C:/ECEP/classwork/PROJECT/CAR_BLACK_BOX.X/uart.h</file>
            <file>file:/C:/ECEP/classwork/PROJECT/CAR_BLACK_BOX.X/timers.h</file>
            <file>file:/C:/ECEP/classwork/PROJECT/CAR_BLACK_BOX.X/timers.c</file>
            <file>file:/C:/ECEP/classwork/PROJECT/CAR_BLACK_BOX.X/set_time.c</file>
            <file>file:/C:/ECEP/classwork/PROJECT/CAR_BLACK_BOX.X/password.c</file>
            <file>file:/C:/ECEP/classwork/PROJECT/CAR_BLACK_BOX.X/main.c</file>
            <file>file:/C:/ECEP/classwork/PROJECT/CAR_BLACK_BOX.X/main.h</file>
            <file>file:/C:/ECEP/classwork/PROJECT/CAR_BLACK_BOX.X/log_op.c</file>
            <file>file:/C:/ECEP/classwork/PROJECT/CAR_BLACK_BOX.X/isr.c</file>
            <file>file:/C:/ECEP/classwork/PROJECT/CAR_BLACK_BOX.X/i2c.h</file>
            <file>file:/C:/ECEP/classwork/PROJECT/CAR_BLACK_BOX.X/i2c.c</file>
            <file>file:/C:/ECEP/classwork/PROJECT/CAR_BLACK_BOX.X/ds1307.h</file>
            <file>file:/C:/ECEP/classwork/PROJECT/CAR_BLACK_BOX.X/ds1307.c</file>
            <file>file:/C:/ECEP/classwork/PROJECT/CAR_BLACK_BOX.X/digital_keypad.h</file>
            <file>file:/C:/ECEP/classwork/PROJECT/CAR_BLACK_BOX.X/digital_keypad.c</file>
            <file>file:/C:/ECEP/classwork/PROJECT/CAR_BLACK_BOX.X/clcd.h</file>
            <file>file:/C:/ECEP/classwork/PROJECT/CAR_BLACK_BOX.X/clcd.c</file>
            <file>file:/C:/ECEP/classwork/PROJECT/CAR_BLACK_BOX.X/car_black_box.h</file>
            <file>file:/C:/ECEP/classwork/PROJECT/CAR_BLACK_BOX.X/car_black_box.c</file>
            <file>file:/C:/ECEP/classwork/PROJECT/CAR_BLACK_BOX.X/adc.c</file>
            <file>file:/C:/ECEP/classwork/PROJECT/CAR_BLACK_BOX.X/adc.h</file>
            <file>file:/C:/ECEP/classwork/PROJECT/CAR_BLACK_BOX.X/EEprom.h</file>
            <file>file:/C:/ECEP/classwork/PROJECT/CAR_BLACK_BOX.X/EEprom.c</file>
        </group>
    </open-files>
</project-private>
